step,monitor_result,risk_score,rgb_blur,rgb_left_blur,rgb_right_blur,rgb_occluded,rgb_left_occluded,rgb_right_occluded
0,-0.69,0.3994166653737345,False,False,False,False,False,False
1,-1.1,0.3900501287966555,False,False,False,False,False,False
2,-1.39,0.3834440681559414,False,False,False,False,False,False
3,-1.61,0.3784435397107671,False,False,False,False,False,False
4,-1.79,0.37435944312331143,False,False,False,False,False,False
5,-1.95,0.37073473546897157,False,False,False,False,False,False
6,-2.08,0.36779361478196054,False,False,False,False,False,False
7,-2.2,0.36508193124721483,False,False,False,False,False,False
8,-2.3,0.3628245709334806,False,False,False,False,False,False
9,-2.4,0.3605693965889915,False,False,False,False,False,False
10,-2.48,0.35876684732437963,False,False,False,False,False,False
11,-2.56,0.3569657249948907,False,False,False,False,False,False
12,-2.64,0.35516604193848017,False,False,False,False,False,False
13,-2.71,0.3535925095849988,False,False,False,False,False,False
14,-2.77,0.35224465834246826,False,False,False,False,False,False
15,-2.77,0.35224465834246826,False,False,False,False,False,False
16,-2.77,0.35224465834246826,False,False,False,False,False,False
17,-2.77,0.35224465834246826,False,False,False,False,False,False
18,-2.77,0.35224465834246826,False,False,False,False,False,False
19,-2.77,0.35224465834246826,False,False,False,False,False,False
20,-2.77,0.35224465834246826,False,False,False,False,False,False
21,-2.77,0.35224465834246826,False,False,False,False,False,False
22,-2.77,0.35224465834246826,False,False,False,False,False,False
23,-2.77,0.35224465834246826,False,False,False,False,False,False
24,-2.77,0.35224465834246826,False,False,False,False,False,False
25,-2.77,0.35224465834246826,False,False,False,False,False,False
26,-2.77,0.35224465834246826,False,False,False,False,False,False
27,-2.77,0.35224465834246826,False,False,False,False,False,False
28,-2.77,0.35224465834246826,False,False,False,False,False,False
29,-2.77,0.35224465834246826,False,False,False,False,False,False
30,-2.77,0.35224465834246826,False,False,False,False,False,False
31,-2.77,0.35224465834246826,False,False,False,False,False,False
32,-2.77,0.35224465834246826,False,False,False,False,False,False
33,-2.77,0.35224465834246826,False,False,False,False,False,False
34,-2.77,0.35224465834246826,False,False,False,False,False,False
35,-2.77,0.35224465834246826,False,False,False,False,False,False
36,-2.77,0.35224465834246826,False,False,False,False,False,False
37,-2.77,0.35224465834246826,False,False,False,False,False,False
38,-2.77,0.35224465834246826,False,False,False,False,False,False
39,-2.77,0.35224465834246826,False,False,False,False,False,False
40,-2.77,0.35224465834246826,False,False,False,False,False,False
41,-2.77,0.35224465834246826,False,False,False,False,False,False
42,-2.77,0.35224465834246826,False,False,False,False,False,False
43,-2.77,0.35224465834246826,False,False,False,False,False,False
44,-2.77,0.35224465834246826,False,False,False,False,False,False
45,-2.77,0.35224465834246826,False,False,False,False,False,False
46,-2.77,0.35224465834246826,False,False,False,False,False,False
47,-2.77,0.35224465834246826,False,False,False,False,False,False
48,-2.77,0.35224465834246826,False,False,False,False,False,False
49,-2.77,0.35224465834246826,False,False,False,False,False,False
50,-2.77,0.35224465834246826,False,False,False,False,False,False
51,-2.77,0.35224465834246826,False,False,False,False,False,False
52,-2.77,0.35224465834246826,False,False,False,False,False,False
53,-2.77,0.35224465834246826,False,False,False,False,False,False
54,-2.77,0.35224465834246826,False,False,False,False,False,False
55,-2.77,0.35224465834246826,False,False,False,False,False,False
56,-2.77,0.35224465834246826,False,False,False,False,False,False
57,-2.77,0.35224465834246826,False,False,False,False,False,False
58,-2.77,0.35224465834246826,False,False,False,False,False,False
59,-2.77,0.35224465834246826,False,False,False,False,False,False
60,-2.77,0.35224465834246826,False,False,False,False,False,False
61,-2.77,0.35224465834246826,False,False,False,False,False,False
62,-2.77,0.35224465834246826,False,False,False,False,False,False
63,-2.77,0.35224465834246826,False,False,False,False,False,False
64,-2.77,0.35224465834246826,False,False,False,False,False,False
65,-2.77,0.35224465834246826,False,False,False,False,False,False
66,-2.77,0.35224465834246826,False,False,False,False,False,False
67,-2.77,0.35224465834246826,False,False,False,False,False,False
68,-2.77,0.35224465834246826,False,False,False,False,False,False
69,-2.77,0.35224465834246826,False,False,False,False,False,False
70,-2.77,0.35224465834246826,False,False,False,False,False,False
71,-2.77,0.35224465834246826,False,False,False,False,False,False
72,-2.77,0.35224465834246826,False,False,False,False,False,False
73,-2.77,0.35224465834246826,False,False,False,False,False,False
74,-2.77,0.35224465834246826,False,False,False,False,False,False
75,-2.77,0.35224465834246826,False,False,False,False,False,False
76,-2.77,0.35224465834246826,False,False,False,False,False,False
77,-2.77,0.35224465834246826,False,False,False,False,False,False
78,-2.77,0.35224465834246826,False,False,False,False,False,False
79,-2.77,0.35224465834246826,False,False,False,False,False,False
80,-2.77,0.35224465834246826,False,False,False,False,False,False
81,-2.77,0.35224465834246826,False,False,False,False,False,False
82,-2.77,0.35224465834246826,False,False,False,False,False,False
83,-2.77,0.35224465834246826,False,False,False,False,False,False
84,-2.77,0.35224465834246826,False,False,False,False,False,False
85,-2.77,0.35224465834246826,False,False,False,False,False,False
86,-2.77,0.35224465834246826,False,False,False,False,False,False
87,-2.77,0.35224465834246826,False,False,False,False,False,False
88,-2.77,0.35224465834246826,False,False,False,False,False,False
89,-2.77,0.35224465834246826,False,False,False,False,False,False
90,-2.77,0.35224465834246826,False,False,False,False,False,False
91,-2.77,0.35224465834246826,False,False,False,False,False,False
92,-2.77,0.35224465834246826,False,False,False,False,False,False
93,-2.77,0.35224465834246826,False,False,False,False,False,False
94,-2.77,0.35224465834246826,False,False,False,False,False,False
95,-2.77,0.35224465834246826,False,False,False,False,False,False
96,-2.77,0.35224465834246826,False,False,False,False,False,False
97,-2.77,0.35224465834246826,False,False,False,False,False,False
98,-2.77,0.35224465834246826,False,False,False,False,False,False
99,-2.77,0.35224465834246826,False,False,False,False,False,False
100,-2.77,0.35224465834246826,False,False,False,False,False,False
101,-2.77,0.35224465834246826,False,False,False,False,False,False
102,-2.77,0.35224465834246826,False,False,False,False,False,False
103,-2.77,0.35224465834246826,False,False,False,False,False,False
104,-2.77,0.35224465834246826,False,False,False,False,False,False
105,-2.77,0.35224465834246826,False,False,False,False,False,False
106,-2.77,0.35224465834246826,False,False,False,False,False,False
107,-2.77,0.35224465834246826,False,False,False,False,False,False
108,-2.77,0.35224465834246826,False,False,False,False,False,False
109,-2.77,0.35224465834246826,False,False,False,False,False,False
110,-2.77,0.35224465834246826,False,False,False,False,False,False
111,-2.77,0.35224465834246826,False,False,False,False,False,False
112,-2.77,0.35224465834246826,False,False,False,False,False,False
113,-2.77,0.35224465834246826,False,False,False,False,False,False
114,-2.77,0.35224465834246826,False,False,False,False,False,False
115,-2.77,0.35224465834246826,False,False,False,False,False,False
116,-2.77,0.35224465834246826,False,False,False,False,False,False
117,-2.77,0.35224465834246826,False,False,False,False,False,False
118,-2.77,0.35224465834246826,False,False,False,False,False,False
119,-2.77,0.35224465834246826,False,False,False,False,False,False
120,-2.77,0.35224465834246826,False,False,False,False,False,False
121,-2.77,0.35224465834246826,False,False,False,False,False,False
122,-2.77,0.35224465834246826,False,False,False,False,False,False
123,-2.77,0.35224465834246826,False,False,False,False,False,False
124,-2.77,0.35224465834246826,False,False,False,False,False,False
125,-2.77,0.35224465834246826,False,False,False,False,False,False
126,-2.77,0.35224465834246826,False,False,False,False,False,False
127,-2.77,0.35224465834246826,False,False,False,False,False,False
128,-2.77,0.35224465834246826,False,False,False,False,False,False
129,-2.77,0.35224465834246826,False,False,False,False,False,False
130,-2.77,0.35224465834246826,False,False,False,False,False,False
131,-2.77,0.35224465834246826,False,False,False,False,False,False
132,-2.77,0.35224465834246826,False,False,False,False,False,False
133,-2.77,0.35224465834246826,False,False,False,False,False,False
134,-2.77,0.35224465834246826,False,False,False,False,False,False
135,-2.77,0.35224465834246826,False,False,False,False,False,False
136,-2.77,0.35224465834246826,False,False,False,False,False,False
137,-2.77,0.35224465834246826,False,False,False,False,False,False
138,-2.77,0.35224465834246826,False,False,False,False,False,False
139,-2.77,0.35224465834246826,False,False,False,False,False,False
140,-2.77,0.35224465834246826,False,False,False,False,False,False
141,-2.77,0.35224465834246826,False,False,False,False,False,False
142,-2.77,0.35224465834246826,False,False,False,False,False,False
143,-2.77,0.35224465834246826,False,False,False,False,False,False
144,-2.77,0.35224465834246826,False,False,False,False,False,False
145,-2.77,0.35224465834246826,False,False,False,False,False,False
146,-2.77,0.35224465834246826,False,False,False,False,False,False
147,-2.77,0.35224465834246826,False,False,False,False,False,False
148,-2.77,0.35224465834246826,False,False,False,False,False,False
149,-2.77,0.35224465834246826,False,False,False,False,False,False
150,-2.77,0.35224465834246826,False,False,False,False,False,False
151,-2.77,0.35224465834246826,False,False,False,False,False,False
152,-2.77,0.35224465834246826,False,False,False,False,False,False
153,-2.77,0.35224465834246826,False,False,False,False,False,False
154,-2.77,0.35224465834246826,False,False,False,False,False,False
155,-2.77,0.35224465834246826,False,False,False,False,False,False
156,-2.77,0.35224465834246826,False,False,False,False,False,False
157,-2.77,0.35224465834246826,False,False,False,False,False,False
158,-2.77,0.35224465834246826,False,False,False,False,False,False
159,-2.77,0.35224465834246826,False,False,False,False,False,False
160,-2.77,0.35224465834246826,False,False,False,False,False,False
161,-2.77,0.35224465834246826,False,False,False,False,False,False
162,-2.77,0.35224465834246826,False,False,False,False,False,False
163,-2.77,0.35224465834246826,False,False,False,False,False,False
164,-2.77,0.35224465834246826,False,False,False,False,False,False
165,-2.77,0.35224465834246826,False,False,False,False,False,False
166,-2.77,0.35224465834246826,False,False,False,False,False,False
167,-2.77,0.35224465834246826,False,False,False,False,False,False
168,-2.77,0.35224465834246826,False,False,False,False,False,False
169,-2.77,0.35224465834246826,False,False,False,False,False,False
170,-2.77,0.35224465834246826,False,False,False,False,False,False
171,-2.77,0.35224465834246826,False,False,False,False,False,False
172,-2.77,0.35224465834246826,False,False,False,False,False,False
173,-2.77,0.35224465834246826,False,False,False,False,False,False
174,-2.77,0.35224465834246826,False,False,False,False,False,False
175,-2.77,0.35224465834246826,False,False,False,False,False,False
176,-2.77,0.35224465834246826,False,False,False,False,False,False
177,-2.77,0.35224465834246826,False,False,False,False,False,False
178,-2.77,0.35224465834246826,False,False,False,False,False,False
179,-2.77,0.35224465834246826,False,False,False,False,False,False
180,-2.77,0.35224465834246826,False,False,False,False,False,False
181,-2.77,0.35224465834246826,False,False,False,False,False,False
182,-2.77,0.35224465834246826,False,False,False,False,False,False
183,-2.77,0.35224465834246826,False,False,False,False,False,False
184,-2.77,0.35224465834246826,False,False,False,False,False,False
185,-2.77,0.35224465834246826,False,False,False,False,False,False
186,-2.77,0.35224465834246826,False,False,False,False,False,False
187,-2.77,0.35224465834246826,False,False,False,False,False,False
188,-2.76,0.3524692428763713,False,False,False,False,False,False
189,-2.76,0.3524692428763713,False,False,False,False,False,False
190,-2.76,0.3524692428763713,False,False,False,False,False,False
191,-2.76,0.3524692428763713,False,False,False,False,False,False
192,-2.76,0.3524692428763713,False,False,False,False,False,False
193,-2.76,0.3524692428763713,False,False,False,False,False,False
194,-2.76,0.3524692428763713,False,False,False,False,False,False
195,-2.75,0.3526938503780315,False,False,False,False,False,False
196,-2.75,0.3526938503780315,False,False,False,False,False,False
197,-2.75,0.3526938503780315,False,False,False,False,False,False
198,-2.75,0.3526938503780315,False,False,False,False,False,False
199,-2.75,0.3526938503780315,False,False,False,False,False,False
200,-2.76,0.3524692428763713,False,False,False,False,False,False
201,-2.76,0.3524692428763713,False,False,False,False,False,False
202,-2.76,0.3524692428763713,False,False,False,False,False,False
203,-2.76,0.3524692428763713,False,False,False,False,False,False
204,-2.76,0.3524692428763713,False,False,False,False,False,False
205,-2.76,0.3524692428763713,False,False,False,False,False,False
206,-2.76,0.3524692428763713,False,False,False,False,False,False
207,-2.77,0.35224465834246826,False,False,False,False,False,False
208,-2.77,0.35224465834246826,False,False,False,False,False,False
209,-2.77,0.35224465834246826,False,False,False,False,False,False
210,-2.77,0.35224465834246826,False,False,False,False,False,False
211,-2.77,0.35224465834246826,False,False,False,False,False,False
212,-2.77,0.35224465834246826,False,False,False,False,False,False
213,-2.77,0.35224465834246826,False,False,False,False,False,False
214,-2.77,0.35224465834246826,False,False,False,False,False,False
215,-2.77,0.35224465834246826,False,False,False,False,False,False
216,-2.77,0.35224465834246826,False,False,False,False,False,False
217,-2.77,0.35224465834246826,False,False,False,False,False,False
218,-2.77,0.35224465834246826,False,False,False,False,False,False
219,-2.77,0.35224465834246826,False,False,False,False,False,False
220,-2.77,0.35224465834246826,False,False,False,False,False,False
221,-2.77,0.35224465834246826,False,False,False,False,False,False
222,-2.77,0.35224465834246826,False,False,False,False,False,False
223,-2.77,0.35224465834246826,False,False,False,False,False,False
224,-2.77,0.35224465834246826,False,False,False,False,False,False
225,-2.77,0.35224465834246826,False,False,False,False,False,False
226,-2.77,0.35224465834246826,False,False,False,False,False,False
227,-2.77,0.35224465834246826,False,False,False,False,False,False
228,-2.77,0.35224465834246826,False,False,False,False,False,False
229,-2.77,0.35224465834246826,False,False,False,False,False,False
230,-2.77,0.35224465834246826,False,False,False,False,False,False
231,-2.77,0.35224465834246826,False,False,False,False,False,False
232,-2.77,0.35224465834246826,False,False,False,False,False,False
233,-2.77,0.35224465834246826,False,False,False,False,False,False
234,-2.77,0.35224465834246826,False,False,False,False,False,False
235,-2.77,0.35224465834246826,False,False,False,False,False,False
236,-2.77,0.35224465834246826,False,False,False,False,False,False
237,-2.77,0.35224465834246826,False,False,False,False,False,False
238,-2.77,0.35224465834246826,False,False,False,False,False,False
239,-2.77,0.35224465834246826,False,False,False,False,False,False
240,-2.77,0.35224465834246826,False,False,False,False,False,False
241,-2.77,0.35224465834246826,False,False,False,False,False,False
242,-2.77,0.35224465834246826,False,False,False,False,False,False
243,-2.77,0.35224465834246826,False,False,False,False,False,False
244,-2.77,0.35224465834246826,False,False,False,False,False,False
245,-2.77,0.35224465834246826,False,False,False,False,False,False
246,-2.77,0.35224465834246826,False,False,False,False,False,False
247,-2.77,0.35224465834246826,False,False,False,False,False,False
248,-2.77,0.35224465834246826,False,False,False,False,False,False
249,-2.77,0.35224465834246826,False,False,False,False,False,False
250,-2.77,0.35224465834246826,False,False,False,False,False,False
251,-2.41,0.36034400031813735,False,False,False,False,False,False
252,-1.89,0.3720933762013425,False,False,False,False,False,False
253,-1.11,0.3898220658418278,False,False,False,False,False,False
254,0.12,0.4180076231611037,False,False,False,False,False,False
255,1.95,0.46036669173492445,False,False,False,False,False,False
256,4.34,0.5162033922860294,False,False,False,False,False,False
257,7.17,0.5825863266499838,False,False,False,False,False,False
258,10.34,0.6565310170803855,False,False,False,False,False,False
259,13.75,0.7346095315634446,False,False,False,False,False,False
260,17.36,0.8145080226425113,False,False,False,False,False,False
261,21.14,0.8940114139560851,False,False,False,False,False,False
262,25.04,0.9705924960278696,False,False,False,False,False,False
263,29.06,1.0429857056743268,False,False,False,False,False,False
264,33.17,1.1096861485671772,False,False,False,False,False,False
265,37.37,1.1700969281238653,False,False,False,False,False,False
266,37.37,1.1700969281238653,False,False,False,False,False,False
267,37.37,1.1700969281238653,False,False,False,False,False,False
268,37.37,1.1700969281238653,False,False,False,False,False,False
269,37.37,1.1700969281238653,False,False,False,False,False,False
270,37.37,1.1700969281238653,False,False,False,False,False,False
271,37.37,1.1700969281238653,False,False,False,False,False,False
272,37.37,1.1700969281238653,False,False,False,False,False,False
273,37.37,1.1700969281238653,False,False,False,False,False,False
274,37.37,1.1700969281238653,False,False,False,False,False,False
275,37.37,1.1700969281238653,False,False,False,False,False,False
276,37.37,1.1700969281238653,False,False,False,False,False,False
277,37.37,1.1700969281238653,False,False,False,False,False,False
278,37.37,1.1700969281238653,False,False,False,False,False,False
279,37.37,1.1700969281238653,False,False,False,False,False,False
280,37.37,1.1700969281238653,False,False,False,False,False,False
281,37.37,1.1700969281238653,False,False,False,False,False,False
282,37.37,1.1700969281238653,False,False,False,False,False,False
283,37.37,1.1700969281238653,False,False,False,False,False,False
284,37.37,1.1700969281238653,False,False,False,False,False,False
285,37.37,1.1700969281238653,False,False,False,False,False,False
286,37.37,1.1700969281238653,False,False,False,False,False,False
287,37.37,1.1700969281238653,False,False,False,False,False,False
288,37.37,1.1700969281238653,False,False,False,False,False,False
289,37.37,1.1700969281238653,False,False,False,False,False,False
290,37.37,1.1700969281238653,False,False,False,False,False,False
291,37.37,1.1700969281238653,False,False,False,False,False,False
292,37.37,1.1700969281238653,False,False,False,False,False,False
293,37.37,1.1700969281238653,False,False,False,False,False,False
294,37.37,1.1700969281238653,False,False,False,False,False,False
295,37.37,1.1700969281238653,False,False,False,False,False,False
296,37.37,1.1700969281238653,False,False,False,False,False,False
297,37.37,1.1700969281238653,False,False,False,False,False,False
298,37.37,1.1700969281238653,False,False,False,False,False,False
299,37.37,1.1700969281238653,False,False,False,False,False,False
300,37.37,1.1700969281238653,False,False,False,False,False,False
301,37.37,1.1700969281238653,False,False,False,False,False,False
302,37.37,1.1700969281238653,False,False,False,False,False,False
303,37.37,1.1700969281238653,False,False,False,False,False,False
304,37.37,1.1700969281238653,False,False,False,False,False,False
305,37.37,1.1700969281238653,False,False,False,False,False,False
306,37.37,1.1700969281238653,False,False,False,False,False,False
307,37.37,1.1700969281238653,False,False,False,False,False,False
308,37.37,1.1700969281238653,False,False,False,False,False,False
309,37.37,1.1700969281238653,False,False,False,False,False,False
310,37.37,1.1700969281238653,False,False,False,False,False,False
311,37.37,1.1700969281238653,False,False,False,False,False,False
312,37.37,1.1700969281238653,False,False,False,False,False,False
313,37.37,1.1700969281238653,False,False,False,False,False,False
314,37.37,1.1700969281238653,False,False,False,False,False,False
315,37.37,1.1700969281238653,False,False,False,False,False,False
316,37.37,1.1700969281238653,False,False,False,False,False,False
317,37.37,1.1700969281238653,False,False,False,False,False,False
318,37.37,1.1700969281238653,False,False,False,False,False,False
319,37.37,1.1700969281238653,False,False,False,False,False,False
320,37.37,1.1700969281238653,False,False,False,False,False,False
321,37.37,1.1700969281238653,False,False,False,False,False,False
322,37.37,1.1700969281238653,False,False,False,False,False,False
323,37.37,1.1700969281238653,False,False,False,False,False,False
324,37.37,1.1700969281238653,False,False,False,False,False,False
325,37.37,1.1700969281238653,False,False,False,False,False,False
326,37.37,1.1700969281238653,False,False,False,False,False,False
327,37.37,1.1700969281238653,False,False,False,False,False,False
328,37.37,1.1700969281238653,False,False,False,False,False,False
329,37.37,1.1700969281238653,False,False,False,False,False,False
330,37.37,1.1700969281238653,False,False,False,False,False,False
331,37.37,1.1700969281238653,False,False,False,False,False,False
332,37.37,1.1700969281238653,False,False,False,False,False,False
333,37.37,1.1700969281238653,False,False,False,False,False,False
334,37.37,1.1700969281238653,False,False,False,False,False,False
335,37.37,1.1700969281238653,False,False,False,False,False,False
336,37.37,1.1700969281238653,False,False,False,False,False,False
337,37.37,1.1700969281238653,False,False,False,False,False,False
338,37.37,1.1700969281238653,False,False,False,False,False,False
339,37.37,1.1700969281238653,False,False,False,False,False,False
340,37.37,1.1700969281238653,False,False,False,False,False,False
341,37.37,1.1700969281238653,False,False,False,False,False,False
342,37.37,1.1700969281238653,False,False,False,False,False,False
343,37.37,1.1700969281238653,False,False,False,False,False,False
344,37.37,1.1700969281238653,False,False,False,False,False,False
345,37.37,1.1700969281238653,False,False,False,False,False,False
346,37.37,1.1700969281238653,False,False,False,False,False,False
347,37.37,1.1700969281238653,False,False,False,False,False,False
348,37.37,1.1700969281238653,False,False,False,False,False,False
349,37.37,1.1700969281238653,False,False,False,False,False,False
350,37.37,1.1700969281238653,False,False,False,False,False,False
351,37.37,1.1700969281238653,False,False,False,False,False,False
352,37.37,1.1700969281238653,False,False,False,False,False,False
353,37.37,1.1700969281238653,False,False,False,False,False,False
354,37.37,1.1700969281238653,False,False,False,False,False,False
355,37.37,1.1700969281238653,False,False,False,False,False,False
356,37.37,1.1700969281238653,False,False,False,False,False,False
357,37.37,1.1700969281238653,False,False,False,False,False,False
358,37.37,1.1700969281238653,False,False,False,False,False,False
359,37.37,1.1700969281238653,False,False,False,False,False,False
360,37.37,1.1700969281238653,False,False,False,False,False,False
361,37.37,1.1700969281238653,False,False,False,False,False,False
362,37.37,1.1700969281238653,False,False,False,False,False,False
363,37.37,1.1700969281238653,False,False,False,False,False,False
364,37.37,1.1700969281238653,False,False,False,False,False,False
365,37.37,1.1700969281238653,False,False,False,False,False,False
366,37.37,1.1700969281238653,False,False,False,False,False,False
367,37.37,1.1700969281238653,False,False,False,False,False,False
368,37.37,1.1700969281238653,False,False,False,False,False,False
369,37.37,1.1700969281238653,False,False,False,False,False,False
370,37.37,1.1700969281238653,False,False,False,False,False,False
371,37.37,1.1700969281238653,False,False,False,False,False,False
372,37.37,1.1700969281238653,False,False,False,False,False,False
373,37.37,1.1700969281238653,False,False,False,False,False,False
374,37.37,1.1700969281238653,False,False,False,False,False,False
375,37.37,1.1700969281238653,False,False,False,False,False,False
376,37.37,1.1700969281238653,False,False,False,False,False,False
377,37.37,1.1700969281238653,False,False,False,False,False,False
378,37.37,1.1700969281238653,False,False,False,False,False,False
379,37.37,1.1700969281238653,False,False,False,False,False,False
380,37.37,1.1700969281238653,False,False,False,False,False,False
381,37.37,1.1700969281238653,False,False,False,False,False,False
382,37.37,1.1700969281238653,False,False,False,False,False,False
383,37.37,1.1700969281238653,False,False,False,False,False,False
384,37.37,1.1700969281238653,False,False,False,False,False,False
385,37.37,1.1700969281238653,False,False,False,False,False,False
386,37.37,1.1700969281238653,False,False,False,False,False,False
387,37.37,1.1700969281238653,False,False,False,False,False,False
388,37.37,1.1700969281238653,False,False,False,False,False,False
389,37.37,1.1700969281238653,False,False,False,False,False,False
390,37.37,1.1700969281238653,False,False,False,False,False,False
391,37.37,1.1700969281238653,False,False,False,False,False,False
392,37.37,1.1700969281238653,False,False,False,False,False,False
393,37.37,1.1700969281238653,False,False,False,False,False,False
394,37.37,1.1700969281238653,False,False,False,False,False,False
395,37.37,1.1700969281238653,False,False,False,False,False,False
396,37.37,1.1700969281238653,False,False,False,False,False,False
397,37.37,1.1700969281238653,False,False,False,False,False,False
398,37.37,1.1700969281238653,False,False,False,False,False,False
399,37.37,1.1700969281238653,False,False,False,False,False,False
400,37.37,1.1700969281238653,False,False,False,False,False,False
401,37.37,1.1700969281238653,False,False,False,False,False,False
402,37.37,1.1700969281238653,False,False,False,False,False,False
403,37.37,1.1700969281238653,False,False,False,False,False,False
404,37.37,1.1700969281238653,False,False,False,False,False,False
405,37.37,1.1700969281238653,False,False,False,False,False,False
406,37.37,1.1700969281238653,False,False,False,False,False,False
407,37.37,1.1700969281238653,False,False,False,False,False,False
408,37.37,1.1700969281238653,False,False,False,False,False,False
409,37.37,1.1700969281238653,False,False,False,False,False,False
410,37.37,1.1700969281238653,False,False,False,False,False,False
411,37.37,1.1700969281238653,False,False,False,False,False,False
412,37.37,1.1700969281238653,False,False,False,False,False,False
413,37.37,1.1700969281238653,False,False,False,False,False,False
414,37.37,1.1700969281238653,False,False,False,False,False,False
415,37.37,1.1700969281238653,False,False,False,False,False,False
416,37.37,1.1700969281238653,False,False,False,False,False,False
417,37.37,1.1700969281238653,False,False,False,False,False,False
418,37.37,1.1700969281238653,False,False,False,False,False,False
419,37.37,1.1700969281238653,False,False,False,False,False,False
420,37.37,1.1700969281238653,False,False,False,False,False,False
421,37.37,1.1700969281238653,False,False,False,False,False,False
422,37.37,1.1700969281238653,False,False,False,False,False,False
423,37.37,1.1700969281238653,False,False,False,False,False,False
424,37.37,1.1700969281238653,False,False,False,False,False,False
425,37.37,1.1700969281238653,False,False,False,False,False,False
426,37.37,1.1700969281238653,False,False,False,False,False,False
427,37.37,1.1700969281238653,False,False,False,False,False,False
428,37.37,1.1700969281238653,False,False,False,False,False,False
429,37.37,1.1700969281238653,False,False,False,False,False,False
430,37.37,1.1700969281238653,False,False,False,False,False,False
431,37.37,1.1700969281238653,False,False,False,False,False,False
432,37.37,1.1700969281238653,False,False,False,False,False,False
433,37.37,1.1700969281238653,False,False,False,False,False,False
434,37.37,1.1700969281238653,False,False,False,False,False,False
435,37.37,1.1700969281238653,False,False,False,False,False,False
436,37.37,1.1700969281238653,False,False,False,False,False,False
437,37.37,1.1700969281238653,False,False,False,False,False,False
438,37.37,1.1700969281238653,False,False,False,False,False,False
439,37.37,1.1700969281238653,False,False,False,False,False,False
440,37.37,1.1700969281238653,False,False,False,False,False,False
441,37.37,1.1700969281238653,False,False,False,False,False,False
442,37.37,1.1700969281238653,False,False,False,False,False,False
443,37.37,1.1700969281238653,False,False,False,False,False,False
444,37.37,1.1700969281238653,False,False,False,False,False,False
445,37.37,1.1700969281238653,False,False,False,False,False,False
446,37.37,1.1700969281238653,False,False,False,False,False,False
447,37.37,1.1700969281238653,False,False,False,False,False,False
448,37.37,1.1700969281238653,False,False,False,False,False,False
449,37.37,1.1700969281238653,False,False,False,False,False,False
450,37.37,1.1700969281238653,False,False,False,False,False,False
451,37.37,1.1700969281238653,False,False,False,False,False,False
452,37.37,1.1700969281238653,False,False,False,False,False,False
453,37.37,1.1700969281238653,False,False,False,False,False,False
454,37.37,1.1700969281238653,False,False,False,False,False,False
455,37.37,1.1700969281238653,False,False,False,False,False,False
456,37.37,1.1700969281238653,False,False,False,False,False,False
457,37.37,1.1700969281238653,False,False,False,False,False,False
458,37.37,1.1700969281238653,False,False,False,False,False,False
459,37.37,1.1700969281238653,False,False,False,False,False,False
460,37.37,1.1700969281238653,False,False,False,False,False,False
461,37.37,1.1700969281238653,False,False,False,False,False,False
462,37.37,1.1700969281238653,False,False,False,False,False,False
463,37.37,1.1700969281238653,False,False,False,False,False,False
464,37.37,1.1700969281238653,False,False,False,False,False,False
465,37.37,1.1700969281238653,False,False,False,False,False,False
466,37.37,1.1700969281238653,False,False,False,False,False,False
467,37.37,1.1700969281238653,False,False,False,False,False,False
468,37.37,1.1700969281238653,False,False,False,False,False,False
469,37.37,1.1700969281238653,False,False,False,False,False,False
470,37.37,1.1700969281238653,False,False,False,False,False,False
471,37.37,1.1700969281238653,False,False,False,False,False,False
472,37.37,1.1700969281238653,False,False,False,False,False,False
473,37.37,1.1700969281238653,False,False,False,False,False,False
474,37.37,1.1700969281238653,False,False,False,False,False,False
475,37.37,1.1700969281238653,False,False,False,False,False,False
476,37.37,1.1700969281238653,False,False,False,False,False,False
477,37.37,1.1700969281238653,False,False,False,False,False,False
478,37.37,1.1700969281238653,False,False,False,False,False,False
479,37.37,1.1700969281238653,False,False,False,False,False,False
480,37.37,1.1700969281238653,False,False,False,False,False,False
481,37.37,1.1700969281238653,False,False,False,False,False,False
482,37.37,1.1700969281238653,False,False,False,False,False,False
483,37.37,1.1700969281238653,False,False,False,False,False,False
484,37.37,1.1700969281238653,False,False,False,False,False,False
485,37.37,1.1700969281238653,False,False,False,False,False,False
486,37.37,1.1700969281238653,False,False,False,False,False,False
487,37.37,1.1700969281238653,False,False,False,False,False,False
488,37.37,1.1700969281238653,False,False,False,False,False,False
489,37.37,1.1700969281238653,False,False,False,False,False,False
490,37.37,1.1700969281238653,False,False,False,False,False,False
491,37.37,1.1700969281238653,False,False,False,False,False,False
492,37.37,1.1700969281238653,False,False,False,False,False,False
493,37.37,1.1700969281238653,False,False,False,False,False,False
494,37.37,1.1700969281238653,False,False,False,False,False,False
495,37.37,1.1700969281238653,False,False,False,False,False,False
496,37.37,1.1700969281238653,False,False,False,False,False,False
497,37.37,1.1700969281238653,False,False,False,False,False,False
498,37.37,1.1700969281238653,False,False,False,False,False,False
499,37.37,1.1700969281238653,False,False,False,False,False,False
500,37.37,1.1700969281238653,False,False,False,False,False,False
501,37.37,1.1700969281238653,False,False,False,False,False,False
502,37.37,1.1700969281238653,False,False,False,False,False,False
503,37.37,1.1700969281238653,False,False,False,False,False,False
504,37.37,1.1700969281238653,False,False,False,False,False,False
505,37.37,1.1700969281238653,False,False,False,False,False,False
506,37.37,1.1700969281238653,False,False,False,False,False,False
507,37.37,1.1700969281238653,False,False,False,False,False,False
508,37.37,1.1700969281238653,False,False,False,False,False,False
509,37.37,1.1700969281238653,False,False,False,False,False,False
510,37.37,1.1700969281238653,False,False,False,False,False,False
511,37.37,1.1700969281238653,False,False,False,False,False,False
512,37.37,1.1700969281238653,False,False,False,False,False,False
513,37.37,1.1700969281238653,False,False,False,False,False,False
514,37.37,1.1700969281238653,False,False,False,False,False,False
515,37.37,1.1700969281238653,False,False,False,False,False,False
516,37.37,1.1700969281238653,False,False,False,False,False,False
517,37.37,1.1700969281238653,False,False,False,False,False,False
518,37.37,1.1700969281238653,False,False,False,False,False,False
519,37.37,1.1700969281238653,False,False,False,False,False,False
520,37.37,1.1700969281238653,False,False,False,False,False,False
521,37.37,1.1700969281238653,False,False,False,False,False,False
522,37.37,1.1700969281238653,False,False,False,False,False,False
523,37.37,1.1700969281238653,False,False,False,False,False,False
524,37.37,1.1700969281238653,False,False,False,False,False,False
525,37.37,1.1700969281238653,False,False,False,False,False,False
526,37.37,1.1700969281238653,False,False,False,False,False,False
527,37.37,1.1700969281238653,False,False,False,False,False,False
528,37.37,1.1700969281238653,False,False,False,False,False,False
529,37.37,1.1700969281238653,False,False,False,False,False,False
530,37.37,1.1700969281238653,False,False,False,False,False,False
531,37.37,1.1700969281238653,False,False,False,False,False,False
532,37.37,1.1700969281238653,False,False,False,False,False,False
533,37.37,1.1700969281238653,False,False,False,False,False,False
534,37.37,1.1700969281238653,False,False,False,False,False,False
535,37.37,1.1700969281238653,False,False,False,False,False,False
536,37.37,1.1700969281238653,False,False,False,False,False,False
537,37.37,1.1700969281238653,False,False,False,False,False,False
538,37.37,1.1700969281238653,False,False,False,False,False,False
539,37.37,1.1700969281238653,False,False,False,False,False,False
540,37.37,1.1700969281238653,False,False,False,False,False,False
541,37.37,1.1700969281238653,False,False,False,False,False,False
542,37.37,1.1700969281238653,False,False,False,False,False,False
543,37.37,1.1700969281238653,False,False,False,False,False,False
544,37.37,1.1700969281238653,False,False,False,False,False,False
545,37.37,1.1700969281238653,False,False,False,False,False,False
546,37.37,1.1700969281238653,False,False,False,False,False,False
547,37.37,1.1700969281238653,False,False,False,False,False,False
548,37.37,1.1700969281238653,False,False,False,False,False,False
549,37.37,1.1700969281238653,False,False,False,False,False,False
550,37.37,1.1700969281238653,False,False,False,False,False,False
551,37.37,1.1700969281238653,False,False,False,False,False,False
552,37.37,1.1700969281238653,False,False,False,False,False,False
553,37.37,1.1700969281238653,False,False,False,False,False,False
554,37.37,1.1700969281238653,False,False,False,False,False,False
555,37.37,1.1700969281238653,False,False,False,False,False,False
556,37.37,1.1700969281238653,False,False,False,False,False,False
557,37.37,1.1700969281238653,False,False,False,False,False,False
558,37.37,1.1700969281238653,False,False,False,False,False,False
559,37.37,1.1700969281238653,False,False,False,False,False,False
560,37.37,1.1700969281238653,False,False,False,False,False,False
561,37.37,1.1700969281238653,False,False,False,False,False,False
562,37.37,1.1700969281238653,False,False,False,False,False,False
563,37.37,1.1700969281238653,False,False,False,False,False,False
564,37.37,1.1700969281238653,False,False,False,False,False,False
565,37.37,1.1700969281238653,False,False,False,False,False,False
566,37.37,1.1700969281238653,False,False,False,False,False,False
567,37.37,1.1700969281238653,False,False,False,False,False,False
568,37.37,1.1700969281238653,False,False,False,False,False,False
569,37.37,1.1700969281238653,False,False,False,False,False,False
570,37.37,1.1700969281238653,False,False,False,False,False,False
571,37.37,1.1700969281238653,False,False,False,False,False,False
572,37.37,1.1700969281238653,False,False,False,False,False,False
573,37.37,1.1700969281238653,False,False,False,False,False,False
574,37.37,1.1700969281238653,False,False,False,False,False,False
575,37.37,1.1700969281238653,False,False,False,False,False,False
576,37.37,1.1700969281238653,False,False,False,False,False,False
577,37.37,1.1700969281238653,False,False,False,False,False,False
578,37.37,1.1700969281238653,False,False,False,False,False,False
579,37.37,1.1700969281238653,False,False,False,False,False,False
580,37.37,1.1700969281238653,False,False,False,False,False,False
581,37.37,1.1700969281238653,False,False,False,False,False,False
582,37.37,1.1700969281238653,False,False,False,False,False,False
583,37.37,1.1700969281238653,False,False,False,False,False,False
584,37.37,1.1700969281238653,False,False,False,False,False,False
585,37.37,1.1700969281238653,False,False,False,False,False,False
586,37.37,1.1700969281238653,False,False,False,False,False,False
587,37.37,1.1700969281238653,False,False,False,False,False,False
588,37.37,1.1700969281238653,False,False,False,False,False,False
589,37.37,1.1700969281238653,False,False,False,False,False,False
590,37.37,1.1700969281238653,False,False,False,False,False,False
591,37.37,1.1700969281238653,False,False,False,False,False,False
592,37.37,1.1700969281238653,False,False,False,False,False,False
593,37.37,1.1700969281238653,False,False,False,False,False,False
594,37.37,1.1700969281238653,False,False,False,False,False,False
595,37.37,1.1700969281238653,False,False,False,False,False,False
596,37.37,1.1700969281238653,False,False,False,False,False,False
597,37.37,1.1700969281238653,False,False,False,False,False,False
598,37.37,1.1700969281238653,False,False,False,False,False,False
599,37.37,1.1700969281238653,False,False,False,False,False,False
600,37.37,1.1700969281238653,False,False,False,False,False,False
601,37.37,1.1700969281238653,False,False,False,False,False,False
602,37.37,1.1700969281238653,False,False,False,False,False,False
603,37.37,1.1700969281238653,False,False,False,False,False,False
604,37.37,1.1700969281238653,False,False,False,False,False,False
605,37.37,1.1700969281238653,False,False,False,False,False,False
606,37.37,1.1700969281238653,False,False,False,False,False,False
607,37.37,1.1700969281238653,False,False,False,False,False,False
608,37.37,1.1700969281238653,False,False,False,False,False,False
609,37.37,1.1700969281238653,False,False,False,False,False,False
610,37.37,1.1700969281238653,False,False,False,False,False,False
611,37.37,1.1700969281238653,False,False,False,False,False,False
612,37.37,1.1700969281238653,False,False,False,False,False,False
613,37.37,1.1700969281238653,False,False,False,False,False,False
614,37.37,1.1700969281238653,False,False,False,False,False,False
615,37.37,1.1700969281238653,False,False,False,False,False,False
616,37.37,1.1700969281238653,False,False,False,False,False,False
617,37.37,1.1700969281238653,False,False,False,False,False,False
618,37.37,1.1700969281238653,False,False,False,False,False,False
619,37.37,1.1700969281238653,False,False,False,False,False,False
620,37.37,1.1700969281238653,False,False,False,False,False,False
621,37.37,1.1700969281238653,False,False,False,False,False,False
622,37.37,1.1700969281238653,False,False,False,False,False,False
623,37.37,1.1700969281238653,False,False,False,False,False,False
624,37.37,1.1700969281238653,False,False,False,False,False,False
625,37.37,1.1700969281238653,False,False,False,False,False,False
626,37.37,1.1700969281238653,False,False,False,False,False,False
627,37.37,1.1700969281238653,False,False,False,False,False,False
628,37.37,1.1700969281238653,False,False,False,False,False,False
629,37.37,1.1700969281238653,False,False,False,False,False,False
630,37.37,1.1700969281238653,False,False,False,False,False,False
631,37.37,1.1700969281238653,False,False,False,False,False,False
632,37.37,1.1700969281238653,False,False,False,False,False,False
633,37.37,1.1700969281238653,False,False,False,False,False,False
634,37.37,1.1700969281238653,False,False,False,False,False,False
635,37.37,1.1700969281238653,False,False,False,False,False,False
636,37.37,1.1700969281238653,False,False,False,False,False,False
637,37.37,1.1700969281238653,False,False,False,False,False,False
638,37.37,1.1700969281238653,False,False,False,False,False,False
639,37.37,1.1700969281238653,False,False,False,False,False,False
640,37.37,1.1700969281238653,False,False,False,False,False,False
641,37.37,1.1700969281238653,False,False,False,False,False,False
642,37.37,1.1700969281238653,False,False,False,False,False,False
643,37.37,1.1700969281238653,False,False,False,False,False,False
644,37.37,1.1700969281238653,False,False,False,False,False,False
645,37.37,1.1700969281238653,False,False,False,False,False,False
646,37.37,1.1700969281238653,False,False,False,False,False,False
647,37.37,1.1700969281238653,False,False,False,False,False,False
648,37.37,1.1700969281238653,False,False,False,False,False,False
649,37.37,1.1700969281238653,False,False,False,False,False,False
650,37.37,1.1700969281238653,False,False,False,False,False,False
651,37.37,1.1700969281238653,False,False,False,False,False,False
652,37.37,1.1700969281238653,False,False,False,False,False,False
653,37.37,1.1700969281238653,False,False,False,False,False,False
654,37.37,1.1700969281238653,False,False,False,False,False,False
655,37.37,1.1700969281238653,False,False,False,False,False,False
656,37.37,1.1700969281238653,False,False,False,False,False,False
657,37.37,1.1700969281238653,False,False,False,False,False,False
658,37.37,1.1700969281238653,False,False,False,False,False,False
659,37.37,1.1700969281238653,False,False,False,False,False,False
660,37.37,1.1700969281238653,False,False,False,False,False,False
661,37.37,1.1700969281238653,False,False,False,False,False,False
662,37.37,1.1700969281238653,False,False,False,False,False,False
663,37.37,1.1700969281238653,False,False,False,False,False,False
664,37.37,1.1700969281238653,False,False,False,False,False,False
665,37.37,1.1700969281238653,False,False,False,False,False,False
666,37.37,1.1700969281238653,False,False,False,False,False,False
667,37.37,1.1700969281238653,False,False,False,False,False,False
668,37.37,1.1700969281238653,False,False,False,False,False,False
669,37.37,1.1700969281238653,False,False,False,False,False,False
670,37.37,1.1700969281238653,False,False,False,False,False,False
671,37.37,1.1700969281238653,False,False,False,False,False,False
672,37.37,1.1700969281238653,False,False,False,False,False,False
673,37.37,1.1700969281238653,False,False,False,False,False,False
674,37.37,1.1700969281238653,False,False,False,False,False,False
675,37.37,1.1700969281238653,False,False,False,False,False,False
676,37.37,1.1700969281238653,False,False,False,False,False,False
677,37.37,1.1700969281238653,False,False,False,False,False,False
678,37.37,1.1700969281238653,False,False,False,False,False,False
679,37.37,1.1700969281238653,False,False,False,False,False,False
680,37.37,1.1700969281238653,False,False,False,False,False,False
681,37.37,1.1700969281238653,False,False,False,False,False,False
682,37.37,1.1700969281238653,False,False,False,False,False,False
683,37.37,1.1700969281238653,False,False,False,False,False,False
684,37.37,1.1700969281238653,False,False,False,False,False,False
685,37.37,1.1700969281238653,False,False,False,False,False,False
686,37.37,1.1700969281238653,False,False,False,False,False,False
687,37.37,1.1700969281238653,False,False,False,False,False,False
688,37.37,1.1700969281238653,False,False,False,False,False,False
689,37.37,1.1700969281238653,False,False,False,False,False,False
690,37.37,1.1700969281238653,False,False,False,False,False,False
691,37.37,1.1700969281238653,False,False,False,False,False,False
692,37.37,1.1700969281238653,False,False,False,False,False,False
693,37.37,1.1700969281238653,False,False,False,False,False,False
694,37.37,1.1700969281238653,False,False,False,False,False,False
695,37.37,1.1700969281238653,False,False,False,False,False,False
696,37.37,1.1700969281238653,False,False,False,False,False,False
697,37.37,1.1700969281238653,False,False,False,False,False,False
698,37.37,1.1700969281238653,False,False,False,False,False,False
699,37.37,1.1700969281238653,False,False,False,False,False,False
700,37.37,1.1700969281238653,False,False,False,False,False,False
701,37.37,1.1700969281238653,False,False,False,False,False,False
702,37.37,1.1700969281238653,False,False,False,False,False,False
703,37.37,1.1700969281238653,False,False,False,False,False,False
704,37.37,1.1700969281238653,False,False,False,False,False,False
705,37.37,1.1700969281238653,False,False,False,False,False,False
706,37.37,1.1700969281238653,False,False,False,False,False,False
707,37.37,1.1700969281238653,False,False,False,False,False,False
708,37.37,1.1700969281238653,False,False,False,False,False,False
709,37.37,1.1700969281238653,False,False,False,False,False,False
710,37.37,1.1700969281238653,False,False,False,False,False,False
711,37.37,1.1700969281238653,False,False,False,False,False,False
712,37.37,1.1700969281238653,False,False,False,False,False,False
713,37.37,1.1700969281238653,False,False,False,False,False,False
714,37.37,1.1700969281238653,False,False,False,False,False,False
715,37.37,1.1700969281238653,False,False,False,False,False,False
716,37.37,1.1700969281238653,False,False,False,False,False,False
717,37.37,1.1700969281238653,False,False,False,False,False,False
718,37.37,1.1700969281238653,False,False,False,False,False,False
719,37.37,1.1700969281238653,False,False,False,False,False,False
720,37.37,1.1700969281238653,False,False,False,False,False,False
721,37.37,1.1700969281238653,False,False,False,False,False,False
722,37.37,1.1700969281238653,False,False,False,False,False,False
723,37.37,1.1700969281238653,False,False,False,False,False,False
724,37.37,1.1700969281238653,False,False,False,False,False,False
725,37.37,1.1700969281238653,False,False,False,False,False,False
726,37.37,1.1700969281238653,False,False,False,False,False,False
727,37.37,1.1700969281238653,False,False,False,False,False,False
728,37.37,1.1700969281238653,False,False,False,False,False,False
729,37.37,1.1700969281238653,False,False,False,False,False,False
730,37.37,1.1700969281238653,False,False,False,False,False,False
731,37.37,1.1700969281238653,False,False,False,False,False,False
732,37.37,1.1700969281238653,False,False,False,False,False,False
733,37.37,1.1700969281238653,False,False,False,False,False,False
734,37.37,1.1700969281238653,False,False,False,False,False,False
735,37.37,1.1700969281238653,False,False,False,False,False,False
736,37.37,1.1700969281238653,False,False,False,False,False,False
737,37.37,1.1700969281238653,False,False,False,False,False,False
738,37.37,1.1700969281238653,False,False,False,False,False,False
739,37.37,1.1700969281238653,False,False,False,False,False,False
740,37.37,1.1700969281238653,False,False,False,False,False,False
741,37.37,1.1700969281238653,False,False,False,False,False,False
742,37.37,1.1700969281238653,False,False,False,False,False,False
743,37.37,1.1700969281238653,False,False,False,False,False,False
744,37.37,1.1700969281238653,False,False,False,False,False,False
745,37.37,1.1700969281238653,False,False,False,False,False,False
746,37.37,1.1700969281238653,False,False,False,False,False,False
747,37.37,1.1700969281238653,False,False,False,False,False,False
748,37.37,1.1700969281238653,False,False,False,False,False,False
749,37.37,1.1700969281238653,False,False,False,False,False,False
750,37.37,1.1700969281238653,False,False,False,False,False,False
751,37.37,1.1700969281238653,False,False,False,False,False,False
752,37.37,1.1700969281238653,False,False,False,False,False,False
753,37.37,1.1700969281238653,False,False,False,False,False,False
754,37.37,1.1700969281238653,False,False,False,False,False,False
755,37.37,1.1700969281238653,False,False,False,False,False,False
756,37.37,1.1700969281238653,False,False,False,False,False,False
757,37.37,1.1700969281238653,False,False,False,False,False,False
758,37.37,1.1700969281238653,False,False,False,False,False,False
759,37.37,1.1700969281238653,False,False,False,False,False,False
760,37.37,1.1700969281238653,False,False,False,False,False,False
761,37.37,1.1700969281238653,False,False,False,False,False,False
762,37.37,1.1700969281238653,False,False,False,False,False,False
763,37.37,1.1700969281238653,False,False,False,False,False,False
764,37.37,1.1700969281238653,False,False,False,False,False,False
765,37.37,1.1700969281238653,False,False,False,False,False,False
766,37.37,1.1700969281238653,False,False,False,False,False,False
767,37.37,1.1700969281238653,False,False,False,False,False,False
768,37.37,1.1700969281238653,False,False,False,False,False,False
769,37.37,1.1700969281238653,False,False,False,False,False,False
770,37.37,1.1700969281238653,False,False,False,False,False,False
771,37.37,1.1700969281238653,False,False,False,False,False,False
772,37.37,1.1700969281238653,False,False,False,False,False,False
773,37.37,1.1700969281238653,False,False,False,False,False,False
774,37.37,1.1700969281238653,False,False,False,False,False,False
775,37.37,1.1700969281238653,False,False,False,False,False,False
776,37.37,1.1700969281238653,False,False,False,False,False,False
777,37.37,1.1700969281238653,False,False,False,False,False,False
778,37.37,1.1700969281238653,False,False,False,False,False,False
779,37.37,1.1700969281238653,False,False,False,False,False,False
780,37.37,1.1700969281238653,False,False,False,False,False,False
781,37.37,1.1700969281238653,False,False,False,False,False,False
782,37.37,1.1700969281238653,False,False,False,False,False,False
783,37.37,1.1700969281238653,False,False,False,False,False,False
784,37.37,1.1700969281238653,False,False,False,False,False,False
785,37.37,1.1700969281238653,False,False,False,False,False,False
786,37.37,1.1700969281238653,False,False,False,False,False,False
787,37.37,1.1700969281238653,False,False,False,False,False,False
788,37.37,1.1700969281238653,False,False,False,False,False,False
789,37.37,1.1700969281238653,False,False,False,False,False,False
790,37.37,1.1700969281238653,False,False,False,False,False,False
791,37.37,1.1700969281238653,False,False,False,False,False,False
792,37.37,1.1700969281238653,False,False,False,False,False,False
793,37.37,1.1700969281238653,False,False,False,False,False,False
794,37.37,1.1700969281238653,False,False,False,False,False,False
795,37.37,1.1700969281238653,False,False,False,False,False,False
796,37.37,1.1700969281238653,False,False,False,False,False,False
797,37.37,1.1700969281238653,False,False,False,False,False,False
798,37.37,1.1700969281238653,False,False,False,False,False,False
799,37.37,1.1700969281238653,False,False,False,False,False,False
800,37.37,1.1700969281238653,False,False,False,False,False,False
801,37.37,1.1700969281238653,False,False,False,False,False,False
802,37.37,1.1700969281238653,False,False,False,False,False,False
803,37.37,1.1700969281238653,False,False,False,False,False,False
804,37.37,1.1700969281238653,False,False,False,False,False,False
805,37.37,1.1700969281238653,False,False,False,False,False,False
806,37.37,1.1700969281238653,False,False,False,False,False,False
807,37.37,1.1700969281238653,False,False,False,False,False,False
808,37.37,1.1700969281238653,False,False,False,False,False,False
809,37.37,1.1700969281238653,False,False,False,False,False,False
810,37.37,1.1700969281238653,False,False,False,False,False,False
811,37.37,1.1700969281238653,False,False,False,False,False,False
812,37.37,1.1700969281238653,False,False,False,False,False,False
813,37.37,1.1700969281238653,False,False,False,False,False,False
814,37.37,1.1700969281238653,False,False,False,False,False,False
815,37.37,1.1700969281238653,False,False,False,False,False,False
816,37.37,1.1700969281238653,False,False,False,False,False,False
817,37.37,1.1700969281238653,False,False,False,False,False,False
818,37.37,1.1700969281238653,False,False,False,False,False,False
819,37.37,1.1700969281238653,False,False,False,False,False,False
820,37.37,1.1700969281238653,False,False,False,False,False,False
821,37.37,1.1700969281238653,False,False,False,False,False,False
822,37.37,1.1700969281238653,False,False,False,False,False,False
823,37.37,1.1700969281238653,False,False,False,False,False,False
824,37.37,1.1700969281238653,False,False,False,False,False,False
825,37.37,1.1700969281238653,False,False,False,False,False,False
826,37.37,1.1700969281238653,False,False,False,False,False,False
827,37.37,1.1700969281238653,False,False,False,False,False,False
828,37.37,1.1700969281238653,False,False,False,False,False,False
829,37.37,1.1700969281238653,False,False,False,False,False,False
830,37.37,1.1700969281238653,False,False,False,False,False,False
831,37.37,1.1700969281238653,False,False,False,False,False,False
832,37.37,1.1700969281238653,False,False,False,False,False,False
833,37.37,1.1700969281238653,False,False,False,False,False,False
834,37.37,1.1700969281238653,False,False,False,False,False,False
835,37.37,1.1700969281238653,False,False,False,False,False,False
836,37.37,1.1700969281238653,False,False,False,False,False,False
837,37.37,1.1700969281238653,False,False,False,False,False,False
838,37.37,1.1700969281238653,False,False,False,False,False,False
839,37.37,1.1700969281238653,False,False,False,False,False,False
840,37.37,1.1700969281238653,False,False,False,False,False,False
841,37.37,1.1700969281238653,False,False,False,False,False,False
842,37.37,1.1700969281238653,False,False,False,False,False,False
843,37.37,1.1700969281238653,False,False,False,False,False,False
844,37.37,1.1700969281238653,False,False,False,False,False,False
845,37.37,1.1700969281238653,False,False,False,False,False,False
846,37.37,1.1700969281238653,False,False,False,False,False,False
847,37.37,1.1700969281238653,False,False,False,False,False,False
848,37.37,1.1700969281238653,False,False,False,False,False,False
849,37.37,1.1700969281238653,False,False,False,False,False,False
850,37.37,1.1700969281238653,False,False,False,False,False,False
851,37.37,1.1700969281238653,False,False,False,False,False,False
852,37.37,1.1700969281238653,False,False,False,False,False,False
853,37.37,1.1700969281238653,False,False,False,False,False,False
854,37.37,1.1700969281238653,False,False,False,False,False,False
855,37.37,1.1700969281238653,False,False,False,False,False,False
856,37.37,1.1700969281238653,False,False,False,False,False,False
857,37.37,1.1700969281238653,False,False,False,False,False,False
858,37.37,1.1700969281238653,False,False,False,False,False,False
859,37.37,1.1700969281238653,False,False,False,False,False,False
860,37.37,1.1700969281238653,False,False,False,False,False,False
861,37.37,1.1700969281238653,False,False,False,False,False,False
862,37.37,1.1700969281238653,False,False,False,False,False,False
863,37.37,1.1700969281238653,False,False,False,False,False,False
864,37.37,1.1700969281238653,False,False,False,False,False,False
865,37.37,1.1700969281238653,False,False,False,False,False,False
866,37.37,1.1700969281238653,False,False,False,False,False,False
867,37.37,1.1700969281238653,False,False,False,False,False,False
868,37.37,1.1700969281238653,False,False,False,False,False,False
869,37.37,1.1700969281238653,False,False,False,False,False,False
870,37.37,1.1700969281238653,False,False,False,False,False,False
871,37.37,1.1700969281238653,False,False,False,False,False,False
872,37.37,1.1700969281238653,False,False,False,False,False,False
873,37.37,1.1700969281238653,False,False,False,False,False,False
874,37.37,1.1700969281238653,False,False,False,False,False,False
875,37.37,1.1700969281238653,False,False,False,False,False,False
876,37.37,1.1700969281238653,False,False,False,False,False,False
877,37.37,1.1700969281238653,False,False,False,False,False,False
878,37.37,1.1700969281238653,False,False,False,False,False,False
879,37.37,1.1700969281238653,False,False,False,False,False,False
880,37.37,1.1700969281238653,False,False,False,False,False,False
881,37.37,1.1700969281238653,False,False,False,False,False,False
882,37.37,1.1700969281238653,False,False,False,False,False,False
883,37.37,1.1700969281238653,False,False,False,False,False,False
884,37.37,1.1700969281238653,False,False,False,False,False,False
885,37.37,1.1700969281238653,False,False,False,False,False,False
886,37.37,1.1700969281238653,False,False,False,False,False,False
887,37.37,1.1700969281238653,False,False,False,False,False,False
888,37.37,1.1700969281238653,False,False,False,False,False,False
889,37.37,1.1700969281238653,False,False,False,False,False,False
890,37.37,1.1700969281238653,False,False,False,False,False,False
891,37.37,1.1700969281238653,False,False,False,False,False,False
892,37.37,1.1700969281238653,False,False,False,False,False,False
893,37.37,1.1700969281238653,False,False,False,False,False,False
894,37.37,1.1700969281238653,False,False,False,False,False,False
895,37.37,1.1700969281238653,False,False,False,False,False,False
896,37.37,1.1700969281238653,False,False,False,False,False,False
897,37.37,1.1700969281238653,False,False,False,False,False,False
898,37.37,1.1700969281238653,False,False,False,False,False,False
899,37.37,1.1700969281238653,False,False,False,False,False,False
900,37.37,1.1700969281238653,False,False,False,False,False,False
901,37.37,1.1700969281238653,False,False,False,False,False,False
902,37.37,1.1700969281238653,False,False,False,False,False,False
903,37.37,1.1700969281238653,False,False,False,False,False,False
904,37.37,1.1700969281238653,False,False,False,False,False,False
905,37.37,1.1700969281238653,False,False,False,False,False,False
906,37.37,1.1700969281238653,False,False,False,False,False,False
907,37.37,1.1700969281238653,False,False,False,False,False,False
908,37.37,1.1700969281238653,False,False,False,False,False,False
909,37.37,1.1700969281238653,False,False,False,False,False,False
910,37.37,1.1700969281238653,False,False,False,False,False,False
911,37.37,1.1700969281238653,False,False,False,False,False,False
912,37.37,1.1700969281238653,False,False,False,False,False,False
913,37.37,1.1700969281238653,False,False,False,False,False,False
914,37.37,1.1700969281238653,False,False,False,False,False,False
915,37.37,1.1700969281238653,False,False,False,False,False,False
916,37.37,1.1700969281238653,False,False,False,False,False,False
917,37.37,1.1700969281238653,False,False,False,False,False,False
918,37.37,1.1700969281238653,False,False,False,False,False,False
919,37.37,1.1700969281238653,False,False,False,False,False,False
920,37.37,1.1700969281238653,False,False,False,False,False,False
921,37.37,1.1700969281238653,False,False,False,False,False,False
922,37.37,1.1700969281238653,False,False,False,False,False,False
923,37.37,1.1700969281238653,False,False,False,False,False,False
924,37.37,1.1700969281238653,False,False,False,False,False,False
925,37.37,1.1700969281238653,False,False,False,False,False,False
926,37.37,1.1700969281238653,False,False,False,False,False,False
927,37.37,1.1700969281238653,False,False,False,False,False,False
928,37.37,1.1700969281238653,False,False,False,False,False,False
929,37.37,1.1700969281238653,False,False,False,False,False,False
930,37.37,1.1700969281238653,False,False,False,False,False,False
931,37.37,1.1700969281238653,False,False,False,False,False,False
932,37.37,1.1700969281238653,False,False,False,False,False,False
933,37.37,1.1700969281238653,False,False,False,False,False,False
934,37.37,1.1700969281238653,False,False,False,False,False,False
935,37.37,1.1700969281238653,False,False,False,False,False,False
936,37.37,1.1700969281238653,False,False,False,False,False,False
937,37.37,1.1700969281238653,False,False,False,False,False,False
938,37.37,1.1700969281238653,False,False,False,False,False,False
939,37.37,1.1700969281238653,False,False,False,False,False,False
940,37.37,1.1700969281238653,False,False,False,False,False,False
941,37.37,1.1700969281238653,False,False,False,False,False,False
942,37.37,1.1700969281238653,False,False,False,False,False,False
943,37.37,1.1700969281238653,False,False,False,False,False,False
944,37.37,1.1700969281238653,False,False,False,False,False,False
945,37.37,1.1700969281238653,False,False,False,False,False,False
946,37.37,1.1700969281238653,False,False,False,False,False,False
947,37.37,1.1700969281238653,False,False,False,False,False,False
948,37.37,1.1700969281238653,False,False,False,False,False,False
949,37.37,1.1700969281238653,False,False,False,False,False,False
950,37.37,1.1700969281238653,False,False,False,False,False,False
951,37.37,1.1700969281238653,False,False,False,False,False,False
952,37.37,1.1700969281238653,False,False,False,False,False,False
953,37.37,1.1700969281238653,False,False,False,False,False,False
954,37.37,1.1700969281238653,False,False,False,False,False,False
955,37.37,1.1700969281238653,False,False,False,False,False,False
956,37.37,1.1700969281238653,False,False,False,False,False,False
957,37.37,1.1700969281238653,False,False,False,False,False,False
958,37.37,1.1700969281238653,False,False,False,False,False,False
959,37.37,1.1700969281238653,False,False,False,False,False,False
960,37.37,1.1700969281238653,False,False,False,False,False,False
961,37.37,1.1700969281238653,False,False,False,False,False,False
962,37.37,1.1700969281238653,False,False,False,False,False,False
963,37.37,1.1700969281238653,False,False,False,False,False,False
964,37.37,1.1700969281238653,False,False,False,False,False,False
965,37.37,1.1700969281238653,False,False,False,False,False,False
966,37.37,1.1700969281238653,False,False,False,False,False,False
967,37.37,1.1700969281238653,False,False,False,False,False,False
968,37.37,1.1700969281238653,False,False,False,False,False,False
969,37.37,1.1700969281238653,False,False,False,False,False,False
970,37.37,1.1700969281238653,False,False,False,False,False,False
971,37.37,1.1700969281238653,False,False,False,False,False,False
972,37.37,1.1700969281238653,False,False,False,False,False,False
973,37.37,1.1700969281238653,False,False,False,False,False,False
974,37.37,1.1700969281238653,False,False,False,False,False,False
975,37.37,1.1700969281238653,False,False,False,False,False,False
976,37.37,1.1700969281238653,False,False,False,False,False,False
977,37.37,1.1700969281238653,False,False,False,False,False,False
978,37.37,1.1700969281238653,False,False,False,False,False,False
979,37.37,1.1700969281238653,False,False,False,False,False,False
980,37.37,1.1700969281238653,False,False,False,False,False,False
981,37.37,1.1700969281238653,False,False,False,False,False,False
982,37.37,1.1700969281238653,False,False,False,False,False,False
983,37.37,1.1700969281238653,False,False,False,False,False,False
984,37.37,1.1700969281238653,False,False,False,False,False,False
985,37.37,1.1700969281238653,False,False,False,False,False,False
986,37.37,1.1700969281238653,False,False,False,False,False,False
987,37.37,1.1700969281238653,False,False,False,False,False,False
988,37.37,1.1700969281238653,False,False,False,False,False,False
989,37.37,1.1700969281238653,False,False,False,False,False,False
990,37.37,1.1700969281238653,False,False,False,False,False,False
991,37.37,1.1700969281238653,False,False,False,False,False,False
992,37.37,1.1700969281238653,False,False,False,False,False,False
993,37.37,1.1700969281238653,False,False,False,False,False,False
994,37.37,1.1700969281238653,False,False,False,False,False,False
995,37.37,1.1700969281238653,False,False,False,False,False,False
996,37.37,1.1700969281238653,False,False,False,False,False,False
997,37.37,1.1700969281238653,False,False,False,False,False,False
998,37.37,1.1700969281238653,False,False,False,False,False,False
999,37.37,1.1700969281238653,False,False,False,False,False,False
1000,37.37,1.1700969281238653,False,False,False,False,False,False
1001,37.37,1.1700969281238653,False,False,False,False,False,False
1002,37.37,1.1700969281238653,False,False,False,False,False,False
1003,37.37,1.1700969281238653,False,False,False,False,False,False
1004,37.37,1.1700969281238653,False,False,False,False,False,False
1005,37.37,1.1700969281238653,False,False,False,False,False,False
1006,37.37,1.1700969281238653,False,False,False,False,False,False
1007,37.37,1.1700969281238653,False,False,False,False,False,False
1008,37.37,1.1700969281238653,False,False,False,False,False,False
1009,37.37,1.1700969281238653,False,False,False,False,False,False
1010,37.37,1.1700969281238653,False,False,False,False,False,False
1011,37.37,1.1700969281238653,False,False,False,False,False,False
1012,37.37,1.1700969281238653,False,False,False,False,False,False
1013,37.37,1.1700969281238653,False,False,False,False,False,False
1014,37.37,1.1700969281238653,False,False,False,False,False,False
1015,37.37,1.1700969281238653,False,False,False,False,False,False
1016,37.37,1.1700969281238653,False,False,False,False,False,False
1017,37.37,1.1700969281238653,False,False,False,False,False,False
1018,37.37,1.1700969281238653,False,False,False,False,False,False
1019,37.37,1.1700969281238653,False,False,False,False,False,False
1020,37.37,1.1700969281238653,False,False,False,False,False,False
1021,37.37,1.1700969281238653,False,False,False,False,False,False
1022,37.37,1.1700969281238653,False,False,False,False,False,False
1023,37.37,1.1700969281238653,False,False,False,False,False,False
1024,37.37,1.1700969281238653,False,False,False,False,False,False
1025,37.37,1.1700969281238653,False,False,False,False,False,False
1026,37.37,1.1700969281238653,False,False,False,False,False,False
1027,37.37,1.1700969281238653,False,False,False,False,False,False
1028,37.37,1.1700969281238653,False,False,False,False,False,False
1029,37.37,1.1700969281238653,False,False,False,False,False,False
1030,37.37,1.1700969281238653,False,False,False,False,False,False
1031,37.37,1.1700969281238653,False,False,False,False,False,False
1032,37.37,1.1700969281238653,False,False,False,False,False,False
1033,37.37,1.1700969281238653,False,False,False,False,False,False
1034,37.37,1.1700969281238653,False,False,False,False,False,False
1035,37.37,1.1700969281238653,False,False,False,False,False,False
1036,37.37,1.1700969281238653,False,False,False,False,False,False
1037,37.37,1.1700969281238653,False,False,False,False,False,False
1038,37.37,1.1700969281238653,False,False,False,False,False,False
1039,37.37,1.1700969281238653,False,False,False,False,False,False
1040,37.37,1.1700969281238653,False,False,False,False,False,False
1041,37.37,1.1700969281238653,False,False,False,False,False,False
1042,37.37,1.1700969281238653,False,False,False,False,False,False
1043,37.37,1.1700969281238653,False,False,False,False,False,False
1044,37.37,1.1700969281238653,False,False,False,False,False,False
1045,37.37,1.1700969281238653,False,False,False,False,False,False
1046,37.37,1.1700969281238653,False,False,False,False,False,False
1047,37.37,1.1700969281238653,False,False,False,False,False,False
1048,37.37,1.1700969281238653,False,False,False,False,False,False
1049,37.37,1.1700969281238653,False,False,False,False,False,False
1050,37.37,1.1700969281238653,False,False,False,False,False,False
1051,37.37,1.1700969281238653,False,False,False,False,False,False
1052,37.37,1.1700969281238653,False,False,False,False,False,False
1053,37.37,1.1700969281238653,False,False,False,False,False,False
1054,37.37,1.1700969281238653,False,False,False,False,False,False
1055,37.37,1.1700969281238653,False,False,False,False,False,False
1056,37.37,1.1700969281238653,False,False,False,False,False,False
1057,37.37,1.1700969281238653,False,False,False,False,False,False
1058,37.37,1.1700969281238653,False,False,False,False,False,False
1059,37.37,1.1700969281238653,False,False,False,False,False,False
1060,37.37,1.1700969281238653,False,False,False,False,False,False
1061,37.37,1.1700969281238653,False,False,False,False,False,False
1062,37.37,1.1700969281238653,False,False,False,False,False,False
1063,37.37,1.1700969281238653,False,False,False,False,False,False
1064,37.37,1.1700969281238653,False,False,False,False,False,False
1065,37.37,1.1700969281238653,False,False,False,False,False,False
1066,37.37,1.1700969281238653,False,False,False,False,False,False
1067,37.37,1.1700969281238653,False,False,False,False,False,False
1068,37.37,1.1700969281238653,False,False,False,False,False,False
1069,37.37,1.1700969281238653,False,False,False,False,False,False
1070,37.37,1.1700969281238653,False,False,False,False,False,False
1071,37.37,1.1700969281238653,False,False,False,False,False,False
1072,37.37,1.1700969281238653,False,False,False,False,False,False
1073,37.37,1.1700969281238653,False,False,False,False,False,False
1074,37.37,1.1700969281238653,False,False,False,False,False,False
1075,37.37,1.1700969281238653,False,False,False,False,False,False
1076,37.37,1.1700969281238653,False,False,False,False,False,False
1077,37.37,1.1700969281238653,False,False,False,False,False,False
1078,37.37,1.1700969281238653,False,False,False,False,False,False
1079,37.37,1.1700969281238653,False,False,False,False,False,False
1080,37.37,1.1700969281238653,False,False,False,False,False,False
1081,37.37,1.1700969281238653,False,False,False,False,False,False
1082,37.37,1.1700969281238653,False,False,False,False,False,False
1083,37.37,1.1700969281238653,False,False,False,False,False,False
1084,37.37,1.1700969281238653,False,False,False,False,False,False
1085,37.37,1.1700969281238653,False,False,False,False,False,False
1086,37.37,1.1700969281238653,False,False,False,False,False,False
1087,37.37,1.1700969281238653,False,False,False,False,False,False
1088,37.37,1.1700969281238653,False,False,False,False,False,False
1089,37.37,1.1700969281238653,False,False,False,False,False,False
1090,37.37,1.1700969281238653,False,False,False,False,False,False
1091,37.37,1.1700969281238653,False,False,False,False,False,False
1092,37.37,1.1700969281238653,False,False,False,False,False,False
1093,37.37,1.1700969281238653,False,False,False,False,False,False
1094,37.37,1.1700969281238653,False,False,False,False,False,False
1095,37.37,1.1700969281238653,False,False,False,False,False,False
1096,37.37,1.1700969281238653,False,False,False,False,False,False
1097,37.37,1.1700969281238653,False,False,False,False,False,False
1098,37.37,1.1700969281238653,False,False,False,False,False,False
1099,37.37,1.1700969281238653,False,False,False,False,False,False
1100,37.37,1.1700969281238653,False,False,False,False,False,False
1101,37.37,1.1700969281238653,False,False,False,False,False,False
1102,37.37,1.1700969281238653,False,False,False,False,False,False
1103,37.37,1.1700969281238653,False,False,False,False,False,False
1104,37.37,1.1700969281238653,False,False,False,False,False,False
1105,37.37,1.1700969281238653,False,False,False,False,False,False
1106,37.37,1.1700969281238653,False,False,False,False,False,False
1107,37.37,1.1700969281238653,False,False,False,False,False,False
1108,37.37,1.1700969281238653,False,False,False,False,False,False
1109,37.37,1.1700969281238653,False,False,False,False,False,False
1110,37.37,1.1700969281238653,False,False,False,False,False,False
1111,37.37,1.1700969281238653,False,False,False,False,False,False
1112,37.37,1.1700969281238653,False,False,False,False,False,False
1113,37.37,1.1700969281238653,False,False,False,False,False,False
1114,37.37,1.1700969281238653,False,False,False,False,False,False
1115,37.37,1.1700969281238653,False,False,False,False,False,False
1116,37.37,1.1700969281238653,False,False,False,False,False,False
1117,37.37,1.1700969281238653,False,False,False,False,False,False
1118,37.37,1.1700969281238653,False,False,False,False,False,False
1119,37.37,1.1700969281238653,False,False,False,False,False,False
1120,37.37,1.1700969281238653,False,False,False,False,False,False
1121,37.37,1.1700969281238653,False,False,False,False,False,False
1122,37.37,1.1700969281238653,False,False,False,False,False,False
1123,37.37,1.1700969281238653,False,False,False,False,False,False
1124,37.37,1.1700969281238653,False,False,False,False,False,False
1125,37.37,1.1700969281238653,False,False,False,False,False,False
1126,37.37,1.1700969281238653,False,False,False,False,False,False
1127,37.37,1.1700969281238653,False,False,False,False,False,False
1128,37.37,1.1700969281238653,False,False,False,False,False,False
1129,37.37,1.1700969281238653,False,False,False,False,False,False
1130,37.37,1.1700969281238653,False,False,False,False,False,False
1131,37.37,1.1700969281238653,False,False,False,False,False,False
1132,37.37,1.1700969281238653,False,False,False,False,False,False
1133,37.37,1.1700969281238653,False,False,False,False,False,False
1134,37.37,1.1700969281238653,False,False,False,False,False,False
1135,37.37,1.1700969281238653,False,False,False,False,False,False
1136,37.37,1.1700969281238653,False,False,False,False,False,False
1137,37.37,1.1700969281238653,False,False,False,False,False,False
1138,37.37,1.1700969281238653,False,False,False,False,False,False
1139,37.37,1.1700969281238653,False,False,False,False,False,False
1140,37.37,1.1700969281238653,False,False,False,False,False,False
1141,37.37,1.1700969281238653,False,False,False,False,False,False
1142,37.37,1.1700969281238653,False,False,False,False,False,False
1143,37.37,1.1700969281238653,False,False,False,False,False,False
1144,37.37,1.1700969281238653,False,False,False,False,False,False
1145,37.37,1.1700969281238653,False,False,False,False,False,False
1146,37.37,1.1700969281238653,False,False,False,False,False,False
1147,37.37,1.1700969281238653,False,False,False,False,False,False
1148,37.37,1.1700969281238653,False,False,False,False,False,False
1149,37.37,1.1700969281238653,False,False,False,False,False,False
1150,37.37,1.1700969281238653,False,False,False,False,False,False
1151,37.37,1.1700969281238653,False,False,False,False,False,False
1152,37.37,1.1700969281238653,False,False,False,False,False,False
1153,37.37,1.1700969281238653,False,False,False,False,False,False
1154,37.37,1.1700969281238653,False,False,False,False,False,False
1155,37.37,1.1700969281238653,False,False,False,False,False,False
1156,37.37,1.1700969281238653,False,False,False,False,False,False
1157,37.37,1.1700969281238653,False,False,False,False,False,False
1158,37.37,1.1700969281238653,False,False,False,False,False,False
1159,37.37,1.1700969281238653,False,False,False,False,False,False
1160,37.37,1.1700969281238653,False,False,False,False,False,False
1161,37.37,1.1700969281238653,False,False,False,False,False,False
1162,37.37,1.1700969281238653,False,False,False,False,False,False
1163,37.37,1.1700969281238653,False,False,False,False,False,False
1164,37.37,1.1700969281238653,False,False,False,False,False,False
1165,37.37,1.1700969281238653,False,False,False,False,False,False
1166,37.37,1.1700969281238653,False,False,False,False,False,False
1167,37.37,1.1700969281238653,False,False,False,False,False,False
1168,37.37,1.1700969281238653,False,False,False,False,False,False
1169,37.37,1.1700969281238653,False,False,False,False,False,False
1170,37.37,1.1700969281238653,False,False,False,False,False,False
1171,37.37,1.1700969281238653,False,False,False,False,False,False
1172,37.37,1.1700969281238653,False,False,False,False,False,False
1173,37.37,1.1700969281238653,False,False,False,False,False,False
1174,37.37,1.1700969281238653,False,False,False,False,False,False
1175,37.37,1.1700969281238653,False,False,False,False,False,False
1176,37.37,1.1700969281238653,False,False,False,False,False,False
1177,37.37,1.1700969281238653,False,False,False,False,False,False
1178,37.37,1.1700969281238653,False,False,False,False,False,False
1179,37.37,1.1700969281238653,False,False,False,False,False,False
1180,37.37,1.1700969281238653,False,False,False,False,False,False
1181,37.37,1.1700969281238653,False,False,False,False,False,False
1182,37.37,1.1700969281238653,False,False,False,False,False,False
1183,37.37,1.1700969281238653,False,False,False,False,False,False
1184,37.37,1.1700969281238653,False,False,False,False,False,False
1185,37.37,1.1700969281238653,False,False,False,False,False,False
1186,37.37,1.1700969281238653,False,False,False,False,False,False
1187,37.37,1.1700969281238653,False,False,False,False,False,False
1188,37.37,1.1700969281238653,False,False,False,False,False,False
1189,37.37,1.1700969281238653,False,False,False,False,False,False
1190,37.37,1.1700969281238653,False,False,False,False,False,False
1191,37.37,1.1700969281238653,False,False,False,False,False,False
1192,37.37,1.1700969281238653,False,False,False,False,False,False
1193,37.37,1.1700969281238653,False,False,False,False,False,False
1194,37.37,1.1700969281238653,False,False,False,False,False,False
1195,37.37,1.1700969281238653,False,False,False,False,False,False
1196,37.37,1.1700969281238653,False,False,False,False,False,False
1197,37.37,1.1700969281238653,False,False,False,False,False,False
1198,37.37,1.1700969281238653,False,False,False,False,False,False
1199,37.37,1.1700969281238653,False,False,False,False,False,False
1200,37.37,1.1700969281238653,False,False,False,False,False,False
1201,37.37,1.1700969281238653,False,False,False,False,False,False
1202,37.37,1.1700969281238653,False,False,False,False,False,False
1203,37.37,1.1700969281238653,False,False,False,False,False,False
1204,37.37,1.1700969281238653,False,False,False,False,False,False
1205,37.37,1.1700969281238653,False,False,False,False,False,False
1206,37.37,1.1700969281238653,False,False,False,False,False,False
1207,37.37,1.1700969281238653,False,False,False,False,False,False
1208,37.37,1.1700969281238653,False,False,False,False,False,False
1209,37.37,1.1700969281238653,False,False,False,False,False,False
1210,37.37,1.1700969281238653,False,False,False,False,False,False
1211,37.37,1.1700969281238653,False,False,False,False,False,False
1212,37.37,1.1700969281238653,False,False,False,False,False,False
1213,37.37,1.1700969281238653,False,False,False,False,False,False
1214,37.37,1.1700969281238653,False,False,False,False,False,False
1215,37.37,1.1700969281238653,False,False,False,False,False,False
1216,37.37,1.1700969281238653,False,False,False,False,False,False
1217,37.37,1.1700969281238653,False,False,False,False,False,False
1218,37.37,1.1700969281238653,False,False,False,False,False,False
1219,37.37,1.1700969281238653,False,False,False,False,False,False
1220,37.37,1.1700969281238653,False,False,False,False,False,False
1221,37.37,1.1700969281238653,False,False,False,False,False,False
1222,37.37,1.1700969281238653,False,False,False,False,False,False
1223,37.37,1.1700969281238653,False,False,False,False,False,False
1224,37.37,1.1700969281238653,False,False,False,False,False,False
1225,37.37,1.1700969281238653,False,False,False,False,False,False
1226,37.37,1.1700969281238653,False,False,False,False,False,False
1227,37.37,1.1700969281238653,False,False,False,False,False,False
1228,37.37,1.1700969281238653,False,False,False,False,False,False
1229,37.37,1.1700969281238653,False,False,False,False,False,False
1230,37.37,1.1700969281238653,False,False,False,False,False,False
1231,37.37,1.1700969281238653,False,False,False,False,False,False
1232,37.37,1.1700969281238653,False,False,False,False,False,False
1233,37.37,1.1700969281238653,False,False,False,False,False,False
1234,37.37,1.1700969281238653,False,False,False,False,False,False
1235,37.37,1.1700969281238653,False,False,False,False,False,False
1236,37.37,1.1700969281238653,False,False,False,False,False,False
1237,37.37,1.1700969281238653,False,False,False,False,False,False
1238,37.37,1.1700969281238653,False,False,False,False,False,False
1239,37.37,1.1700969281238653,False,False,False,False,False,False
1240,37.37,1.1700969281238653,False,False,False,False,False,False
1241,37.37,1.1700969281238653,False,False,False,False,False,False
1242,37.37,1.1700969281238653,False,False,False,False,False,False
1243,37.37,1.1700969281238653,False,False,False,False,False,False
1244,37.37,1.1700969281238653,False,False,False,False,False,False
1245,37.37,1.1700969281238653,False,False,False,False,False,False
1246,37.37,1.1700969281238653,False,False,False,False,False,False
1247,37.37,1.1700969281238653,False,False,False,False,False,False
1248,37.37,1.1700969281238653,False,False,False,False,False,False
1249,37.37,1.1700969281238653,False,False,False,False,False,False
1250,37.37,1.1700969281238653,False,False,False,False,False,False
1251,37.37,1.1700969281238653,False,False,False,False,False,False
1252,37.37,1.1700969281238653,False,False,False,False,False,False
1253,37.37,1.1700969281238653,False,False,False,False,False,False
1254,37.37,1.1700969281238653,False,False,False,False,False,False
1255,37.37,1.1700969281238653,False,False,False,False,False,False
1256,37.37,1.1700969281238653,False,False,False,False,False,False
1257,37.37,1.1700969281238653,False,False,False,False,False,False
1258,37.37,1.1700969281238653,False,False,False,False,False,False
1259,37.37,1.1700969281238653,False,False,False,False,False,False
1260,37.37,1.1700969281238653,False,False,False,False,False,False
1261,37.37,1.1700969281238653,False,False,False,False,False,False
1262,37.37,1.1700969281238653,False,False,False,False,False,False
1263,37.37,1.1700969281238653,False,False,False,False,False,False
1264,37.37,1.1700969281238653,False,False,False,False,False,False
1265,37.37,1.1700969281238653,False,False,False,False,False,False
1266,37.37,1.1700969281238653,False,False,False,False,False,False
1267,37.37,1.1700969281238653,False,False,False,False,False,False
1268,37.37,1.1700969281238653,False,False,False,False,False,False
1269,37.37,1.1700969281238653,False,False,False,False,False,False
1270,37.37,1.1700969281238653,False,False,False,False,False,False
1271,37.37,1.1700969281238653,False,False,False,False,False,False
1272,37.37,1.1700969281238653,False,False,False,False,False,False
1273,37.37,1.1700969281238653,False,False,False,False,False,False
1274,37.37,1.1700969281238653,False,False,False,False,False,False
1275,37.37,1.1700969281238653,False,False,False,False,False,False
1276,37.37,1.1700969281238653,False,False,False,False,False,False
1277,37.37,1.1700969281238653,False,False,False,False,False,False
1278,37.37,1.1700969281238653,False,False,False,False,False,False
1279,37.37,1.1700969281238653,False,False,False,False,False,False
